,url,region,province,locality,property_type,property_subtype,price,number_rooms,living_area,kitchen,furnished,fireplace,terrace,terrace_area,garden,garden_area,surface_land,number_facades,swimming_pool,building_state
0,https://www.immoweb.be/en/classified/villa/for-sale/geraardsbergen%20moerbeke/9500/10832434,Flanders,East Flanders,Geraardsbergen Moerbeke,HOUSE,VILLA,335000.0,3.0,177.0,USA_HYPER_EQUIPPED,False,,True,,,,451,3,False,AS_NEW
1,https://www.immoweb.be/en/classified/house/for-sale/genappe/1470/10815917,Wallonie,Walloon Brabant,Genappe,HOUSE,HOUSE,185000.0,1.0,88.0,SEMI_EQUIPPED,False,,True,10.0,True,50.0,148,2,False,TO_BE_DONE_UP
2,https://www.immoweb.be/en/classified/house/for-sale/zottegem/9620/10815601,Flanders,East Flanders,Zottegem,HOUSE,HOUSE,189000.0,3.0,160.0,SEMI_EQUIPPED,,,True,15.0,True,50.0,167,2,False,GOOD
3,https://www.immoweb.be/en/classified/bungalow/for-sale/ans/4432/10815989,Wallonie,Liège,Ans,HOUSE,BUNGALOW,299000.0,3.0,126.0,INSTALLED,False,,True,11.0,True,620.0,984,4,False,GOOD
4,https://www.immoweb.be/en/classified/new-real-estate-project-houses/for-sale/geraardsbergen%20moerbeke/9500/10815585,Flanders,East Flanders,Geraardsbergen Moerbeke,HOUSE_GROUP,HOUSE_GROUP,,,,0,,,,,,,UNKNOWN,UNKNOWN,,UNKNOWN
5,https://www.immoweb.be/en/classified/house/for-sale/machelen%20%28vlaams-brabant%29/1830/10816148,Flanders,Flemish Brabant,Machelen (vlaams-brabant),HOUSE,HOUSE,449000.0,4.0,292.0,USA_HYPER_EQUIPPED,False,,True,,True,824.0,955,3,False,TO_RENOVATE
6,https://www.immoweb.be/en/classified/exceptional-property/for-sale/assebroek/8310/10745663,Flanders,West Flanders,Assebroek,HOUSE,EXCEPTIONAL_PROPERTY,585000.0,6.0,275.0,NOT_INSTALLED,,,,,,,2139,4,,TO_RENOVATE
7,https://www.immoweb.be/en/classified/villa/for-sale/ternat/1740/10816624,Flanders,Flemish Brabant,Ternat,HOUSE,VILLA,595000.0,5.0,356.0,USA_HYPER_EQUIPPED,,,True,80.0,True,6000.0,8000,4,False,AS_NEW
8,https://www.immoweb.be/en/classified/apartment-block/for-sale/auderghem/1160/10825863,Brussels,Brussels,Auderghem,HOUSE,APARTMENT_BLOCK,1250000.0,6.0,350.0,INSTALLED,False,,True,16.0,True,500.0,706,3,False,GOOD
9,https://www.immoweb.be/en/classified/exceptional-property/for-sale/leuven/3000/10832781,Flanders,Flemish Brabant,Leuven,HOUSE,EXCEPTIONAL_PROPERTY,498000.0,3.0,157.0,HYPER_EQUIPPED,,,True,12.0,True,100.0,170,2,True,JUST_RENOVATED
10,https://www.immoweb.be/en/classified/house/for-sale/sint-agatha-berchem/1082/10833481,Brussels,Brussels,Sint-Agatha-Berchem,HOUSE,HOUSE,645000.0,4.0,268.0,USA_HYPER_EQUIPPED,,,True,,True,245.0,245,3,False,AS_NEW
11,https://www.immoweb.be/en/classified/villa/for-sale/hoeilaart/1560/10833608,Flanders,Flemish Brabant,Hoeilaart,HOUSE,VILLA,795000.0,4.0,315.0,HYPER_EQUIPPED,False,,True,,True,500.0,902,4,False,AS_NEW
12,https://www.immoweb.be/en/classified/house/for-sale/dendermonde/9200/10813096,Flanders,East Flanders,Dendermonde,HOUSE,HOUSE,275000.0,4.0,163.0,HYPER_EQUIPPED,,,True,,True,50.0,134,2,False,GOOD
13,https://www.immoweb.be/en/classified/house/for-sale/herzele/9550/10813103,Flanders,East Flanders,Herzele,HOUSE,HOUSE,295000.0,3.0,150.0,INSTALLED,,,True,,,,247,2,False,AS_NEW
14,https://www.immoweb.be/en/classified/house/for-sale/wanze/4520/10813900,Wallonie,Liège,Wanze,HOUSE,HOUSE,299500.0,4.0,133.0,INSTALLED,,-1.0,True,25.0,True,400.0,503,4,,AS_NEW
15,https://www.immoweb.be/en/classified/house/for-sale/leuven%20heverlee/3001/10814710,Flanders,Flemish Brabant,Leuven Heverlee,HOUSE,HOUSE,584000.0,7.0,243.0,INSTALLED,False,,True,12.0,True,350.0,826,4,False,TO_BE_DONE_UP
16,https://www.immoweb.be/en/classified/apartment-block/for-sale/jette/1090/10813472,Brussels,Brussels,Jette,HOUSE,APARTMENT_BLOCK,1995000.0,14.0,850.0,HYPER_EQUIPPED,False,,True,15.0,True,100.0,260,2,False,GOOD
17,https://www.immoweb.be/en/classified/house/for-sale/li%C3%A8ge%20wandre/4020/10823345,Wallonie,Liège,Liège Wandre,HOUSE,HOUSE,229000.0,3.0,120.0,SEMI_EQUIPPED,False,,True,32.0,True,250.0,503,3,False,TO_BE_DONE_UP
18,https://www.immoweb.be/en/classified/villa/for-sale/fosses-la-ville/5070/10824050,Wallonie,Namur,Fosses-la-Ville,HOUSE,VILLA,450000.0,4.0,240.0,HYPER_EQUIPPED,False,,True,,,,837,4,False,AS_NEW
19,https://www.immoweb.be/en/classified/villa/for-sale/esneux/4130/10594932,Wallonie,Liège,Esneux,HOUSE,VILLA,496000.0,4.0,260.0,USA_INSTALLED,,-1.0,True,60.0,True,3133.0,3133,4,,AS_NEW
20,https://www.immoweb.be/en/classified/villa/for-sale/flobecq/7880/10824267,Wallonie,Hainaut,Flobecq,HOUSE,VILLA,715000.0,3.0,404.0,INSTALLED,,-1.0,True,,,,3344,4,,GOOD
21,https://www.immoweb.be/en/classified/house/for-sale/bi%C3%A8vre/5555/10832446,Wallonie,Namur,Bièvre,HOUSE,HOUSE,290000.0,4.0,267.0,USA_INSTALLED,,,True,20.0,True,800.0,950,3,False,GOOD
22,https://www.immoweb.be/en/classified/house/for-sale/tervuren/3080/10830890,Flanders,Flemish Brabant,Tervuren,HOUSE,HOUSE,560000.0,5.0,293.0,,False,,,,,,676,3,False,TO_RESTORE
23,https://www.immoweb.be/en/classified/house/for-sale/wezembeek-oppem/1970/10831858,Flanders,Flemish Brabant,Wezembeek-Oppem,HOUSE,HOUSE,650000.0,4.0,200.0,HYPER_EQUIPPED,False,,True,,True,435.0,535,4,False,TO_BE_DONE_UP
24,https://www.immoweb.be/en/classified/villa/for-sale/seraing%20boncelles/4100/10831380,Wallonie,Liège,Seraing Boncelles,HOUSE,VILLA,890000.0,4.0,315.0,INSTALLED,False,,True,100.0,True,6541.0,6541,4,True,GOOD
25,https://www.immoweb.be/en/classified/house/for-sale/etterbeek/1040/10831130,Brussels,Brussels,Etterbeek,HOUSE,HOUSE,1495000.0,6.0,275.0,HYPER_EQUIPPED,False,,True,40.0,True,300.0,632,3,False,TO_BE_DONE_UP
26,https://www.immoweb.be/en/classified/villa/for-sale/waterloo/1410/10832636,Wallonie,Walloon Brabant,Waterloo,HOUSE,VILLA,1495000.0,4.0,425.0,INSTALLED,False,1.0,True,,True,,3336,4,True,GOOD
27,https://www.immoweb.be/en/classified/villa/for-sale/dilbeek/1700/10831768,Flanders,Flemish Brabant,Dilbeek,HOUSE,VILLA,1500000.0,4.0,450.0,USA_HYPER_EQUIPPED,False,,True,100.0,True,1000.0,1000,4,False,AS_NEW
28,https://www.immoweb.be/en/classified/house/for-sale/vresse-sur-semois/5550/10810366,Wallonie,Namur,Vresse-sur-Semois,HOUSE,HOUSE,129000.0,3.0,124.0,SEMI_EQUIPPED,False,,True,5.0,,,127,3,False,GOOD
29,https://www.immoweb.be/en/classified/new-real-estate-project-houses/for-sale/fleurus/6220/10811535,Wallonie,Hainaut,Fleurus,HOUSE_GROUP,HOUSE_GROUP,,,,0,,,,,,,UNKNOWN,UNKNOWN,,UNKNOWN
30,https://www.immoweb.be/en/classified/apartment/for-sale/forest/1190/10836155,Brussels,Brussels,Forest,APARTMENT,APARTMENT,420000.0,2.0,126.0,HYPER_EQUIPPED,False,,,,,,UNKNOWN,2,False,AS_NEW
31,https://www.immoweb.be/en/classified/house/for-sale/musson/6750/10641770,Wallonie,Luxembourg,Musson,HOUSE,HOUSE,115000.0,2.0,91.0,0,,-1.0,,,True,,170,2,,TO_RENOVATE
32,https://www.immoweb.be/en/classified/house/for-sale/lebbeke/9280/10836150,Flanders,East Flanders,Lebbeke,HOUSE,HOUSE,359000.0,3.0,137.0,HYPER_EQUIPPED,False,,True,,True,230.0,357,3,,JUST_RENOVATED
33,https://www.immoweb.be/en/classified/villa/for-sale/soumagne/4630/10836148,Wallonie,Liège,Soumagne,HOUSE,VILLA,369000.0,3.0,,INSTALLED,False,,True,30.0,,,714,4,False,GOOD
34,https://www.immoweb.be/en/classified/house/for-sale/kraainem/1950/10836147,Flanders,Flemish Brabant,Kraainem,HOUSE,HOUSE,569000.0,4.0,207.0,0,False,,True,,,,464,4,False,TO_RENOVATE
35,https://www.immoweb.be/en/classified/apartment/for-sale/mechelen/2800/10836146,Flanders,Antwerp,Mechelen,APARTMENT,APARTMENT,481000.0,4.0,168.0,USA_HYPER_EQUIPPED,False,,True,30.0,,,,2,,AS_NEW
36,https://www.immoweb.be/en/classified/house/for-sale/chaudfontaine/4050/10836141,Wallonie,Liège,Chaudfontaine,HOUSE,HOUSE,170000.0,2.0,120.0,,False,,,,True,45.0,0,3,,JUST_RENOVATED
37,https://www.immoweb.be/en/classified/house/for-sale/zoersel/2980/10836139,Flanders,Antwerp,Zoersel,HOUSE,HOUSE,475000.0,3.0,171.0,INSTALLED,,,,,,,740,4,,
38,https://www.immoweb.be/en/classified/ground-floor/for-sale/stavelot/4970/10836138,Wallonie,Liège,Stavelot,APARTMENT,GROUND_FLOOR,225000.0,2.0,105.0,INSTALLED,False,,True,42.0,,,UNKNOWN,3,False,GOOD
39,https://www.immoweb.be/en/classified/house/for-sale/nijlen/2560/10836137,Flanders,Antwerp,Nijlen,HOUSE,HOUSE,369000.0,2.0,135.0,INSTALLED,,,True,11.0,True,420.0,600,3,False,GOOD
40,https://www.immoweb.be/en/classified/apartment-block/for-sale/merbes-le-chateau/6567/10322063,Wallonie,Hainaut,Merbes-le-Chateau,HOUSE,APARTMENT_BLOCK,155000.0,1.0,,0,,,,,,,0,3,,GOOD
41,https://www.immoweb.be/en/classified/apartment/for-sale/uccle/1180/10836136,Brussels,Brussels,Uccle,APARTMENT,APARTMENT,395000.0,2.0,90.0,HYPER_EQUIPPED,False,,True,,,,UNKNOWN,4,False,GOOD
42,https://www.immoweb.be/en/classified/house/for-sale/turnhout/2300/10836134,Flanders,Antwerp,Turnhout,HOUSE,HOUSE,350000.0,3.0,178.0,,,,True,,,,998,3,,GOOD
43,https://www.immoweb.be/en/classified/apartment/for-sale/schaerbeek/1030/10836133,Brussels,Brussels,Schaerbeek,APARTMENT,APARTMENT,285000.0,2.0,90.0,USA_HYPER_EQUIPPED,False,,True,6.0,,,UNKNOWN,2,False,GOOD
44,https://www.immoweb.be/en/classified/loft/for-sale/bruxelles/1000/10836131,Brussels,Brussels,Bruxelles,APARTMENT,LOFT,370000.0,2.0,119.0,USA_INSTALLED,False,,,,,,UNKNOWN,2,False,GOOD
45,https://www.immoweb.be/en/classified/apartment/for-sale/ixelles/1050/10836130,Brussels,Brussels,Ixelles,APARTMENT,APARTMENT,450000.0,2.0,108.0,HYPER_EQUIPPED,False,,,,,,UNKNOWN,2,False,GOOD
46,https://www.immoweb.be/en/classified/house/for-sale/leuven/3000/10836127,Flanders,Flemish Brabant,Leuven,HOUSE,HOUSE,535000.0,3.0,101.0,HYPER_EQUIPPED,False,,True,,,,58,2,,AS_NEW
47,https://www.immoweb.be/en/classified/house/for-sale/flemalle/4400/10836126,Wallonie,Liège,Flemalle,HOUSE,HOUSE,225500.0,3.0,140.0,HYPER_EQUIPPED,False,,True,14.0,,,88,2,False,AS_NEW
48,https://www.immoweb.be/en/classified/house/for-sale/grace-hollogne/4460/10836124,Wallonie,Liège,Grace-Hollogne,HOUSE,HOUSE,239000.0,2.0,110.0,INSTALLED,False,,True,50.0,True,50.0,190,2,False,JUST_RENOVATED
49,https://www.immoweb.be/en/classified/house/for-sale/geetbets/3450/10836123,Flanders,Flemish Brabant,Geetbets,HOUSE,HOUSE,289000.0,4.0,140.0,SEMI_EQUIPPED,,1.0,,,True,,1560,4,,TO_RENOVATE
50,https://www.immoweb.be/en/classified/house/for-sale/seraing/4100/10836122,Wallonie,Liège,Seraing,HOUSE,HOUSE,165000.0,2.0,80.0,SEMI_EQUIPPED,False,,True,40.0,,,245,3,False,GOOD
51,https://www.immoweb.be/en/classified/house/for-sale/verviers/4800/10836121,Wallonie,Liège,Verviers,HOUSE,HOUSE,259900.0,3.0,110.0,USA_INSTALLED,False,,,,True,1100.0,1432,4,False,JUST_RENOVATED
52,https://www.immoweb.be/en/classified/apartment/for-sale/li%C3%A8ge/4000/10836119,Wallonie,Liège,Liège,APARTMENT,APARTMENT,165000.0,1.0,60.0,,,,,,,,UNKNOWN,2,,GOOD
53,https://www.immoweb.be/en/classified/flat-studio/for-sale/angleur/4031/10836118,Wallonie,Liège,Angleur,APARTMENT,FLAT_STUDIO,86000.0,1.0,31.0,0,,,True,10.0,,,UNKNOWN,2,False,GOOD
54,https://www.immoweb.be/en/classified/house/for-sale/olen/2250/10836117,Flanders,Antwerp,Olen,HOUSE,HOUSE,285000.0,3.0,136.0,,False,,True,,,,597,4,,
55,https://www.immoweb.be/en/classified/house/for-sale/ensival/4800/10836116,Wallonie,Liège,Ensival,HOUSE,HOUSE,259000.0,4.0,135.0,INSTALLED,False,,True,53.0,True,72.0,145,3,False,GOOD
56,https://www.immoweb.be/en/classified/apartment/for-sale/antwerp/2000/10836115,Flanders,Antwerp,Antwerp,APARTMENT,APARTMENT,315000.0,2.0,103.0,0,False,,,,,,UNKNOWN,,,GOOD
57,https://www.immoweb.be/en/classified/house/for-sale/begijnendijk/3130/10836114,Flanders,Flemish Brabant,Begijnendijk,HOUSE,HOUSE,469000.0,6.0,306.0,0,,,True,,,,2495,4,,TO_BE_DONE_UP
58,https://www.immoweb.be/en/classified/house/for-sale/keerbergen/3140/10836113,Flanders,Flemish Brabant,Keerbergen,HOUSE,HOUSE,369000.0,2.0,141.0,0,,,True,,,,592,4,,AS_NEW
59,https://www.immoweb.be/en/classified/ground-floor/for-sale/mons/7000/10836110,Wallonie,Hainaut,Mons,APARTMENT,GROUND_FLOOR,149000.0,2.0,110.0,INSTALLED,False,,True,34.0,,,UNKNOWN,2,False,GOOD
60,https://www.immoweb.be/en/classified/house/for-sale/seneffe/7180/10834524,Wallonie,Hainaut,Seneffe,HOUSE,HOUSE,420000.0,4.0,135.0,HYPER_EQUIPPED,False,1.0,True,30.0,True,90.0,239,3,,AS_NEW
61,https://www.immoweb.be/en/classified/house/for-sale/arquennes/7181/10834538,Wallonie,Hainaut,Arquennes,HOUSE,HOUSE,420000.0,4.0,135.0,HYPER_EQUIPPED,False,1.0,True,30.0,True,90.0,239,3,,AS_NEW
62,https://www.immoweb.be/en/classified/house/for-sale/dilbeek/1703/10833482,Flanders,Flemish Brabant,Dilbeek,HOUSE,HOUSE,545000.0,3.0,192.0,INSTALLED,,,True,,,,1000,4,False,TO_BE_DONE_UP
63,https://www.immoweb.be/en/classified/villa/for-sale/wezembeek-oppem/1970/10833882,Flanders,Flemish Brabant,Wezembeek-Oppem,HOUSE,VILLA,645000.0,4.0,160.0,HYPER_EQUIPPED,False,,True,24.0,,,368,4,,GOOD
64,https://www.immoweb.be/en/classified/house/for-sale/gent%20gentbrugge/9050/10833700,Flanders,East Flanders,Gent Gentbrugge,HOUSE,HOUSE,540108.0,4.0,176.0,INSTALLED,False,,True,22.0,True,50.0,204,2,False,AS_NEW
65,https://www.immoweb.be/en/classified/house/for-sale/grace-hollogne/4460/10823979,Wallonie,Liège,Grace-Hollogne,HOUSE,HOUSE,199000.0,3.0,133.0,INSTALLED,False,,True,65.0,True,470.0,583,2,False,GOOD
66,https://www.immoweb.be/en/classified/house/for-sale/ronse/9600/10823777,Flanders,East Flanders,Ronse,HOUSE,HOUSE,289000.0,3.0,156.0,INSTALLED,False,,,,True,350.0,555,3,False,GOOD
67,https://www.immoweb.be/en/classified/house/for-sale/deurne/2100/10823722,Flanders,Antwerp,Deurne,HOUSE,HOUSE,314000.0,3.0,151.0,SEMI_EQUIPPED,,-1.0,,,True,60.0,136,2,,GOOD
68,https://www.immoweb.be/en/classified/new-real-estate-project-houses/for-sale/ronse/9600/10823693,Flanders,East Flanders,Ronse,HOUSE_GROUP,HOUSE_GROUP,,,,0,,,,,,,UNKNOWN,UNKNOWN,,UNKNOWN
69,https://www.immoweb.be/en/classified/house/for-sale/moha/4520/10824516,Wallonie,Liège,MOHA,HOUSE,HOUSE,385000.0,7.0,350.0,INSTALLED,,-1.0,True,30.0,True,,1199,4,,GOOD
70,https://www.immoweb.be/en/classified/house/for-sale/erpe-mere/9420/10823494,Flanders,East Flanders,Erpe-Mere,HOUSE,HOUSE,498000.0,4.0,205.0,HYPER_EQUIPPED,,,True,,,,663,3,False,AS_NEW
71,https://www.immoweb.be/en/classified/new-real-estate-project-houses/for-sale/gent%20gentbrugge/9050/10823676,Flanders,East Flanders,Gent Gentbrugge,HOUSE_GROUP,HOUSE_GROUP,,,,0,,,,,,,UNKNOWN,UNKNOWN,,UNKNOWN
72,https://www.immoweb.be/en/classified/house/for-sale/aalst/9300/10823496,Flanders,East Flanders,Aalst,HOUSE,HOUSE,679000.0,5.0,370.0,HYPER_EQUIPPED,,,True,,,,961,4,False,AS_NEW
73,https://www.immoweb.be/en/classified/house/for-sale/herzele/9550/10831287,Flanders,East Flanders,Herzele,HOUSE,HOUSE,149000.0,2.0,96.0,INSTALLED,,,,,,,54,2,False,GOOD
74,https://www.immoweb.be/en/classified/house/for-sale/seraing/4100/10831725,Wallonie,Liège,Seraing,HOUSE,HOUSE,170000.0,3.0,120.0,SEMI_EQUIPPED,False,,True,22.0,,,90,2,False,GOOD
75,https://www.immoweb.be/en/classified/house/for-sale/braine-l%27alleud/1420/10831690,Wallonie,Walloon Brabant,Braine-l'Alleud,HOUSE,HOUSE,260000.0,2.0,130.0,INSTALLED,,,True,20.0,True,55.0,155,2,,GOOD
76,https://www.immoweb.be/en/classified/house/for-sale/haaltert/9450/10831305,Flanders,East Flanders,Haaltert,HOUSE,HOUSE,298000.0,3.0,195.0,INSTALLED,False,,True,,,,350,2,False,GOOD
77,https://www.immoweb.be/en/classified/house/for-sale/seraing/4100/10831860,Wallonie,Liège,Seraing,HOUSE,HOUSE,299000.0,1.0,219.0,,,,True,,,,198,2,False,GOOD
78,https://www.immoweb.be/en/classified/house/for-sale/genappe/1470/10831556,Wallonie,Walloon Brabant,Genappe,HOUSE,HOUSE,335000.0,3.0,213.0,,False,,,,True,337.0,474,3,False,TO_BE_DONE_UP
79,https://www.immoweb.be/en/classified/house/for-sale/erpe-mere/9420/10831288,Flanders,East Flanders,Erpe-Mere,HOUSE,HOUSE,379000.0,3.0,200.0,USA_INSTALLED,,,True,40.0,True,650.0,860,4,False,GOOD
80,https://www.immoweb.be/en/classified/house/for-sale/braine-l%27alleud/1420/10833082,Wallonie,Walloon Brabant,Braine-l'Alleud,HOUSE,HOUSE,470000.0,3.0,150.0,HYPER_EQUIPPED,False,,True,16.0,,,123,3,False,AS_NEW
81,https://www.immoweb.be/en/classified/bungalow/for-sale/rixensart/1330/10831400,Wallonie,Walloon Brabant,Rixensart,HOUSE,BUNGALOW,480000.0,2.0,155.0,SEMI_EQUIPPED,False,,True,40.0,True,823.0,823,4,False,TO_BE_DONE_UP
82,https://www.immoweb.be/en/classified/house/for-sale/leefdaal/3061/10831511,Flanders,Flemish Brabant,Leefdaal,HOUSE,HOUSE,625000.0,6.0,239.0,INSTALLED,,-1.0,True,,True,,1880,4,,TO_BE_DONE_UP
83,https://www.immoweb.be/en/classified/house/for-sale/woluwe-saint-pierre/1150/10831236,Brussels,Brussels,Woluwe-Saint-Pierre,HOUSE,HOUSE,975000.0,4.0,195.0,USA_HYPER_EQUIPPED,False,,True,15.0,True,300.0,385,3,False,AS_NEW
84,https://www.immoweb.be/en/classified/house/for-sale/denderleeuw/9470/10831304,Flanders,East Flanders,Denderleeuw,HOUSE,HOUSE,446000.0,4.0,228.0,HYPER_EQUIPPED,False,,True,18.0,True,300.0,477,3,False,AS_NEW
85,https://www.immoweb.be/en/classified/house/for-sale/oupeye/4682/10821092,Wallonie,Liège,Oupeye,HOUSE,HOUSE,199000.0,4.0,130.0,INSTALLED,False,,,,True,155.0,350,2,False,GOOD
86,https://www.immoweb.be/en/classified/house/for-sale/geraardsbergen/9500/10821645,Flanders,East Flanders,Geraardsbergen,HOUSE,HOUSE,237500.0,3.0,125.0,INSTALLED,,-1.0,,,,,58,2,,JUST_RENOVATED
87,https://www.immoweb.be/en/classified/mixed-use-building/for-sale/herent/3020/10472547,Flanders,Flemish Brabant,Herent,HOUSE,MIXED_USE_BUILDING,359000.0,4.0,348.0,INSTALLED,,-1.0,,,True,128.0,314,2,,GOOD
88,https://www.immoweb.be/en/classified/house/for-sale/herent/3020/10472546,Flanders,Flemish Brabant,Herent,HOUSE,HOUSE,359000.0,4.0,348.0,INSTALLED,,-1.0,,,True,128.0,314,2,,GOOD
89,https://www.immoweb.be/en/classified/town-house/for-sale/antwerpen%20hoboken/2660/10820702,Flanders,Antwerp,Antwerpen Hoboken,HOUSE,TOWN_HOUSE,399900.0,3.0,189.0,INSTALLED,False,,,,True,76.0,140,2,False,GOOD
90,https://www.immoweb.be/en/classified/apartment/for-sale/libin/6890/10836300,Wallonie,Luxembourg,Libin,APARTMENT,APARTMENT,289000.0,3.0,91.0,HYPER_EQUIPPED,False,,True,10.0,True,40.0,UNKNOWN,3,False,GOOD
91,https://www.immoweb.be/en/classified/apartment/for-sale/libin/6890/10836299,Wallonie,Luxembourg,Libin,APARTMENT,APARTMENT,244900.0,2.0,82.0,0,False,,True,6.0,,,UNKNOWN,,False,
92,https://www.immoweb.be/en/classified/ground-floor/for-sale/ixelles/1050/10836298,Brussels,Brussels,Ixelles,APARTMENT,GROUND_FLOOR,285000.0,1.0,55.0,USA_HYPER_EQUIPPED,True,,True,,True,20.0,UNKNOWN,3,False,AS_NEW
93,https://www.immoweb.be/en/classified/house/for-sale/ivoz-ramet/4400/10836296,Wallonie,Liège,Ivoz-Ramet,HOUSE,HOUSE,135000.0,4.0,,0,,,,,,,754,2,,
94,https://www.immoweb.be/en/classified/apartment-block/for-sale/nivelles/1400/10836295,Wallonie,Walloon Brabant,Nivelles,HOUSE,APARTMENT_BLOCK,399000.0,3.0,150.0,0,False,,True,,,,0,2,False,
95,https://www.immoweb.be/en/classified/house/for-sale/mechelen/2811/10836292,Flanders,Antwerp,Mechelen,HOUSE,HOUSE,1200000.0,3.0,191.0,HYPER_EQUIPPED,False,,True,,,,5045,4,,GOOD
96,https://www.immoweb.be/en/classified/apartment/for-sale/lebbeke/9280/10836291,Flanders,East Flanders,Lebbeke,APARTMENT,APARTMENT,285000.0,3.0,175.0,HYPER_EQUIPPED,,,True,,,,UNKNOWN,2,,
97,https://www.immoweb.be/en/classified/exceptional-property/for-sale/berlare/9290/10836288,Flanders,East Flanders,Berlare,HOUSE,EXCEPTIONAL_PROPERTY,565000.0,5.0,475.0,0,False,,True,,,,1236,2,,GOOD
98,https://www.immoweb.be/en/classified/house/for-sale/lebbeke%20denderbelle/9280/10836287,Flanders,East Flanders,Lebbeke Denderbelle,HOUSE,HOUSE,289000.0,3.0,125.0,HYPER_EQUIPPED,,,True,,,,96,2,,AS_NEW
99,https://www.immoweb.be/en/classified/house/for-sale/grimbergen/1850/10836284,Flanders,Flemish Brabant,Grimbergen,HOUSE,HOUSE,569000.0,6.0,285.0,HYPER_EQUIPPED,,,True,,,,903,3,,GOOD
100,https://www.immoweb.be/en/classified/apartment/for-sale/evere/1140/10836282,Brussels,Brussels,Evere,APARTMENT,APARTMENT,260000.0,2.0,73.0,HYPER_EQUIPPED,False,,True,2.0,,,UNKNOWN,,False,GOOD
101,https://www.immoweb.be/en/classified/apartment/for-sale/woluwe-saint-lambert/1200/10836281,Brussels,Brussels,Woluwe-Saint-Lambert,APARTMENT,APARTMENT,285000.0,2.0,89.0,INSTALLED,False,,True,6.0,,,UNKNOWN,,False,GOOD
102,https://www.immoweb.be/en/classified/house/for-sale/jette/1090/10836279,Brussels,Brussels,Jette,HOUSE,HOUSE,340000.0,5.0,250.0,NOT_INSTALLED,False,,,,True,300.0,400,2,,TO_RENOVATE
103,https://www.immoweb.be/en/classified/villa/for-sale/lasne/1380/10836276,Wallonie,Walloon Brabant,Lasne,HOUSE,VILLA,1075000.0,4.0,316.0,INSTALLED,False,,True,,True,1974.0,2290,4,,AS_NEW
104,https://www.immoweb.be/en/classified/villa/for-sale/tienen/3300/10836275,Flanders,Flemish Brabant,Tienen,HOUSE,VILLA,725000.0,5.0,368.0,HYPER_EQUIPPED,False,,True,40.0,True,2500.0,2739,4,True,AS_NEW
105,https://www.immoweb.be/en/classified/flat-studio/for-sale/middelkerke/8434/10836274,Flanders,West Flanders,Middelkerke,APARTMENT,FLAT_STUDIO,98000.0,0.0,24.0,INSTALLED,True,,True,,,,,2,,GOOD
106,https://www.immoweb.be/en/classified/apartment/for-sale/middelkerke/8434/10836273,Flanders,West Flanders,Middelkerke,APARTMENT,APARTMENT,220000.0,2.0,83.0,HYPER_EQUIPPED,,,True,,,,UNKNOWN,2,,GOOD
107,https://www.immoweb.be/en/classified/new-real-estate-project-houses/for-sale/bomal%20%28ramillies%29/1367/10836267,Wallonie,Walloon Brabant,Bomal (Ramillies),HOUSE_GROUP,HOUSE_GROUP,,,,0,,,,,,,UNKNOWN,UNKNOWN,,UNKNOWN
108,https://www.immoweb.be/en/classified/house/for-sale/arendonk/2370/10836265,Flanders,Antwerp,Arendonk,HOUSE,HOUSE,239000.0,2.0,137.0,HYPER_EQUIPPED,False,,True,,,,140,3,,GOOD
109,https://www.immoweb.be/en/classified/villa/for-sale/dilbeek/1700/10836264,Flanders,Flemish Brabant,Dilbeek,HOUSE,VILLA,599000.0,3.0,272.0,0,,1.0,True,,,,919,4,,GOOD
110,https://www.immoweb.be/en/classified/house/for-sale/schilde/2970/10836263,Flanders,Antwerp,Schilde,HOUSE,HOUSE,399000.0,5.0,160.0,0,,,,,True,295.0,445,3,,TO_RENOVATE
111,https://www.immoweb.be/en/classified/apartment/for-sale/wilrijk/2610/10836258,Flanders,Antwerp,Wilrijk,APARTMENT,APARTMENT,279000.0,4.0,145.0,,,-1.0,True,13.0,,,,3,,AS_NEW
112,https://www.immoweb.be/en/classified/apartment/for-sale/fleron/4620/10836257,Wallonie,Liège,Fleron,APARTMENT,APARTMENT,199000.0,3.0,73.0,SEMI_EQUIPPED,False,,True,,,,UNKNOWN,2,False,TO_BE_DONE_UP
113,https://www.immoweb.be/en/classified/apartment-block/for-sale/zaventem%20nossegem/1930/10836255,Flanders,Flemish Brabant,Zaventem Nossegem,HOUSE,APARTMENT_BLOCK,360000.0,2.0,165.0,INSTALLED,,,True,14.0,,,77,2,,TO_BE_DONE_UP
114,https://www.immoweb.be/en/classified/penthouse/for-sale/mol/2400/10836254,Flanders,Antwerp,Mol,APARTMENT,PENTHOUSE,590000.0,2.0,119.0,USA_HYPER_EQUIPPED,True,,True,80.0,,,,3,,AS_NEW
115,https://www.immoweb.be/en/classified/exceptional-property/for-sale/waterloo/1410/10836253,Wallonie,Walloon Brabant,Waterloo,HOUSE,EXCEPTIONAL_PROPERTY,695000.0,4.0,350.0,HYPER_EQUIPPED,,,True,30.0,,,427,2,,AS_NEW
116,https://www.immoweb.be/en/classified/loft/for-sale/waterloo/1410/10836252,Wallonie,Walloon Brabant,Waterloo,APARTMENT,LOFT,695000.0,4.0,350.0,HYPER_EQUIPPED,,,True,30.0,,,,2,,AS_NEW
117,https://www.immoweb.be/en/classified/exceptional-property/for-sale/antwerpen%20wilrijk/2610/10836251,Flanders,Antwerp,Antwerpen Wilrijk,HOUSE,EXCEPTIONAL_PROPERTY,1975000.0,5.0,414.0,HYPER_EQUIPPED,,,True,,,,1593,4,,GOOD
118,https://www.immoweb.be/en/classified/apartment/for-sale/antwerp/2000/10836250,Flanders,Antwerp,Antwerp,APARTMENT,APARTMENT,520000.0,2.0,84.0,HYPER_EQUIPPED,,,True,39.0,,,UNKNOWN,2,False,AS_NEW
119,https://www.immoweb.be/en/classified/apartment/for-sale/welkenraedt/4840/10836249,Wallonie,Liège,Welkenraedt,APARTMENT,APARTMENT,320942.0,1.0,73.0,USA_HYPER_EQUIPPED,,,,,,,UNKNOWN,,,AS_NEW
120,https://www.immoweb.be/en/classified/mansion/for-sale/nivelles/1400/10821550,Wallonie,Walloon Brabant,Nivelles,HOUSE,MANSION,420000.0,5.0,250.0,INSTALLED,,,True,40.0,True,500.0,770,3,False,TO_RENOVATE
121,https://www.immoweb.be/en/classified/mansion/for-sale/seneffe/7180/10821548,Wallonie,Hainaut,Seneffe,HOUSE,MANSION,420000.0,5.0,250.0,INSTALLED,,,True,40.0,True,500.0,770,3,False,TO_RENOVATE
122,https://www.immoweb.be/en/classified/new-real-estate-project-houses/for-sale/gent/9030/10820782,Flanders,East Flanders,Gent,HOUSE_GROUP,HOUSE_GROUP,,,,0,,,,,,,UNKNOWN,UNKNOWN,,UNKNOWN
123,https://www.immoweb.be/en/classified/new-real-estate-project-houses/for-sale/gent/9050/10820774,Flanders,East Flanders,Gent,HOUSE_GROUP,HOUSE_GROUP,,,,0,,,,,,,UNKNOWN,UNKNOWN,,UNKNOWN
124,https://www.immoweb.be/en/classified/apartment-block/for-sale/schaerbeek/1030/10820542,Brussels,Brussels,Schaerbeek,HOUSE,APARTMENT_BLOCK,465000.0,3.0,135.0,HYPER_EQUIPPED,False,,True,4.0,True,20.0,72,2,False,GOOD
125,https://www.immoweb.be/en/classified/house/for-sale/schaerbeek/1030/10820541,Brussels,Brussels,Schaerbeek,HOUSE,HOUSE,465000.0,3.0,135.0,HYPER_EQUIPPED,False,,True,4.0,True,20.0,72,2,False,GOOD
126,https://www.immoweb.be/en/classified/new-real-estate-project-houses/for-sale/berlaar/2590/10820947,Flanders,Antwerp,Berlaar,HOUSE_GROUP,HOUSE_GROUP,,,,0,,,,,,,UNKNOWN,UNKNOWN,,UNKNOWN
127,https://www.immoweb.be/en/classified/mansion/for-sale/etterbeek/1040/10821898,Brussels,Brussels,Etterbeek,HOUSE,MANSION,950000.0,5.0,280.0,HYPER_EQUIPPED,False,1.0,,,True,150.0,240,2,,AS_NEW
128,https://www.immoweb.be/en/classified/house/for-sale/grez-doiceau/1390/10828766,Wallonie,Walloon Brabant,Grez-Doiceau,HOUSE,HOUSE,315000.0,2.0,114.0,SEMI_EQUIPPED,False,,True,32.0,True,268.0,370,3,False,TO_RENOVATE
129,https://www.immoweb.be/en/classified/villa/for-sale/herzele/9550/10829430,Flanders,East Flanders,Herzele,HOUSE,VILLA,345000.0,3.0,200.0,SEMI_EQUIPPED,,-1.0,True,,,,1040,4,,TO_BE_DONE_UP
130,https://www.immoweb.be/en/classified/house/for-sale/lebbeke/9280/10829708,Flanders,East Flanders,Lebbeke,HOUSE,HOUSE,367000.0,3.0,160.0,INSTALLED,,-1.0,True,,True,,322,2,,TO_BE_DONE_UP
131,https://www.immoweb.be/en/classified/house/for-sale/ganshoren/1083/10832764,Brussels,Brussels,Ganshoren,HOUSE,HOUSE,425000.0,3.0,100.0,,False,,True,16.0,True,172.0,215,3,,GOOD
132,https://www.immoweb.be/en/classified/house/for-sale/anderlecht/1070/10829161,Brussels,Brussels,Anderlecht,HOUSE,HOUSE,445000.0,4.0,178.0,USA_HYPER_EQUIPPED,False,,True,36.0,True,65.0,149,2,False,AS_NEW
133,https://www.immoweb.be/en/classified/house/for-sale/rhode-saint-genese/1640/10832601,Flanders,Flemish Brabant,Rhode-Saint-Genese,HOUSE,HOUSE,549000.0,3.0,218.0,USA_HYPER_EQUIPPED,False,,True,30.0,True,150.0,276,3,False,JUST_RENOVATED
134,https://www.immoweb.be/en/classified/villa/for-sale/villers%20l%27eveque/4340/10828430,Wallonie,Liège,Villers l'Eveque,HOUSE,VILLA,625000.0,4.0,436.0,HYPER_EQUIPPED,False,,True,150.0,True,3420.0,4480,4,False,GOOD
135,https://www.immoweb.be/en/classified/country-cottage/for-sale/herzele/9550/10829428,Flanders,East Flanders,Herzele,HOUSE,COUNTRY_COTTAGE,739000.0,3.0,415.0,SEMI_EQUIPPED,,-1.0,True,,True,,2254,3,,TO_BE_DONE_UP
136,https://www.immoweb.be/en/classified/house/for-sale/woluwe-saint-pierre/1150/10828625,Brussels,Brussels,Woluwe-Saint-Pierre,HOUSE,HOUSE,865000.0,4.0,190.0,INSTALLED,False,,True,,True,319.0,319,4,False,TO_RENOVATE
137,https://www.immoweb.be/en/classified/house/for-sale/kraainem/1950/10799689,Flanders,Flemish Brabant,Kraainem,HOUSE,HOUSE,1100000.0,4.0,250.0,INSTALLED,,,True,30.0,True,510.0,640,4,False,AS_NEW
138,https://www.immoweb.be/en/classified/house/for-sale/ronse/9600/10818318,Flanders,East Flanders,Ronse,HOUSE,HOUSE,175000.0,4.0,236.0,INSTALLED,False,,,,True,75.0,200,2,False,TO_RENOVATE
139,https://www.immoweb.be/en/classified/house/for-sale/vieux-waleffe/4530/10819654,Wallonie,Liège,VIEUX-WALEFFE,HOUSE,HOUSE,299000.0,3.0,210.0,INSTALLED,,-1.0,True,90.0,True,,162,2,,AS_NEW
140,https://www.immoweb.be/en/classified/house/for-sale/bierbeek/3360/10819803,Flanders,Flemish Brabant,Bierbeek,HOUSE,HOUSE,548000.0,3.0,269.0,HYPER_EQUIPPED,False,,True,,True,900.0,4429,3,False,GOOD
141,https://www.immoweb.be/en/classified/house/for-sale/uccle/1180/10792798,Brussels,Brussels,Uccle,HOUSE,HOUSE,595000.0,5.0,230.0,INSTALLED,,1.0,True,11.0,True,43.0,150,2,False,TO_BE_DONE_UP
142,https://www.immoweb.be/en/classified/house/for-sale/awirs/4400/10826543,Wallonie,Liège,AWIRS,HOUSE,HOUSE,159500.0,4.0,120.0,SEMI_EQUIPPED,,-1.0,True,,True,600.0,785,2,,TO_RENOVATE
143,https://www.immoweb.be/en/classified/house/for-sale/bouge/5004/10826396,Wallonie,Namur,Bouge,HOUSE,HOUSE,169000.0,2.0,83.0,INSTALLED,,-1.0,,,True,85.0,166,3,,TO_BE_DONE_UP
144,https://www.immoweb.be/en/classified/mixed-use-building/for-sale/deurne/2100/10826228,Flanders,Antwerp,Deurne,HOUSE,MIXED_USE_BUILDING,220000.0,1.0,64.0,INSTALLED,,-1.0,,,,,180,2,,JUST_RENOVATED
145,https://www.immoweb.be/en/classified/house/for-sale/wanze/4520/10826536,Wallonie,Liège,Wanze,HOUSE,HOUSE,265000.0,2.0,125.0,INSTALLED,,-1.0,,,True,,470,3,,GOOD
146,https://www.immoweb.be/en/classified/house/for-sale/herstal/4040/10826470,Wallonie,Liège,Herstal,HOUSE,HOUSE,290000.0,3.0,132.0,0,,-1.0,True,22.0,True,107.0,257,3,,JUST_RENOVATED
147,https://www.immoweb.be/en/classified/house/for-sale/woluwe-saint-pierre/1150/10825671,Brussels,Brussels,Woluwe-Saint-Pierre,HOUSE,HOUSE,1375000.0,6.0,460.0,HYPER_EQUIPPED,False,,True,123.0,True,400.0,818,2,False,GOOD
148,https://www.immoweb.be/en/classified/house/for-sale/oupeye/4682/10831594,Wallonie,Liège,Oupeye,HOUSE,HOUSE,374000.0,3.0,135.0,HYPER_EQUIPPED,False,,True,67.0,True,377.0,778,4,False,AS_NEW
149,https://www.immoweb.be/en/classified/villa/for-sale/geraardsbergen%20moerbeke/9500/10832435,Flanders,East Flanders,Geraardsbergen Moerbeke,HOUSE,VILLA,334000.0,3.0,177.0,USA_HYPER_EQUIPPED,False,,True,,,,365,3,False,AS_NEW
150,https://www.immoweb.be/en/classified/apartment/for-sale/welkenraedt/4840/10836248,Wallonie,Liège,Welkenraedt,APARTMENT,APARTMENT,298546.0,1.0,73.0,USA_HYPER_EQUIPPED,,,,,,,UNKNOWN,,,AS_NEW
151,https://www.immoweb.be/en/classified/apartment/for-sale/welkenraedt/4840/10836247,Wallonie,Liège,Welkenraedt,APARTMENT,APARTMENT,311018.0,1.0,73.0,USA_HYPER_EQUIPPED,,,,,,,UNKNOWN,,,AS_NEW
152,https://www.immoweb.be/en/classified/house/for-sale/welkenraedt/4840/10836246,Wallonie,Liège,Welkenraedt,HOUSE,HOUSE,476125.0,5.0,177.0,USA_HYPER_EQUIPPED,,,True,24.0,,,358,3,,
153,https://www.immoweb.be/en/classified/house/for-sale/welkenraedt/4840/10836245,Wallonie,Liège,Welkenraedt,HOUSE,HOUSE,528186.0,4.0,194.0,USA_HYPER_EQUIPPED,,,True,24.0,,,483,3,,
154,https://www.immoweb.be/en/classified/house/for-sale/welkenraedt/4840/10836244,Wallonie,Liège,Welkenraedt,HOUSE,HOUSE,509890.0,4.0,195.0,USA_HYPER_EQUIPPED,,,True,26.0,,,319,3,,
155,https://www.immoweb.be/en/classified/house/for-sale/wandre/4020/10836243,Wallonie,Liège,Wandre,HOUSE,HOUSE,451131.0,5.0,169.0,USA_HYPER_EQUIPPED,,,True,24.0,,,489,3,,
156,https://www.immoweb.be/en/classified/house/for-sale/wandre/4020/10836242,Wallonie,Liège,Wandre,HOUSE,HOUSE,448050.0,4.0,143.0,USA_HYPER_EQUIPPED,,,True,24.0,,,360,3,,AS_NEW
157,https://www.immoweb.be/en/classified/house/for-sale/rocourt/4000/10836241,Wallonie,Liège,Rocourt,HOUSE,HOUSE,566034.0,5.0,230.0,USA_HYPER_EQUIPPED,,,True,24.0,,,552,3,,
158,https://www.immoweb.be/en/classified/house/for-sale/rocourt/4000/10836240,Wallonie,Liège,Rocourt,HOUSE,HOUSE,451880.0,3.0,141.0,USA_HYPER_EQUIPPED,,,True,20.0,,,430,3,,
159,https://www.immoweb.be/en/classified/house/for-sale/petit-rechain/4800/10836239,Wallonie,Liège,Petit-Rechain,HOUSE,HOUSE,455224.0,4.0,134.0,USA_HYPER_EQUIPPED,,,True,32.0,,,475,3,,
160,https://www.immoweb.be/en/classified/apartment/for-sale/liers/4042/10836238,Wallonie,Liège,Liers,APARTMENT,APARTMENT,362314.0,3.0,109.0,USA_HYPER_EQUIPPED,,,True,,,,UNKNOWN,,,AS_NEW
161,https://www.immoweb.be/en/classified/house/for-sale/stembert/4801/10836237,Wallonie,Liège,Stembert,HOUSE,HOUSE,568326.0,5.0,190.0,USA_HYPER_EQUIPPED,,,True,,,,527,3,,
162,https://www.immoweb.be/en/classified/house/for-sale/lontzen/4710/10836236,Wallonie,Liège,Lontzen,HOUSE,HOUSE,707000.0,4.0,197.0,USA_HYPER_EQUIPPED,,,True,29.0,,,919,4,,AS_NEW
163,https://www.immoweb.be/en/classified/house/for-sale/stembert/4801/10836235,Wallonie,Liège,Stembert,HOUSE,HOUSE,586582.0,4.0,173.0,USA_HYPER_EQUIPPED,,,True,,,,542,3,,
164,https://www.immoweb.be/en/classified/house/for-sale/saint-ghislain%20baudour/7331/10836234,Wallonie,Hainaut,Saint-Ghislain Baudour,HOUSE,HOUSE,65000.0,2.0,,0,False,,,,True,1145.0,1512,4,,TO_RENOVATE
165,https://www.immoweb.be/en/classified/house/for-sale/qu%C3%A9vy%20havay/7041/10836233,Wallonie,Hainaut,Quévy Havay,HOUSE,HOUSE,160000.0,2.0,54.0,0,False,,,,True,1701.0,1755,4,,TO_BE_DONE_UP
166,https://www.immoweb.be/en/classified/house/for-sale/colfontaine%20wasmes/7340/10836232,Wallonie,Hainaut,Colfontaine Wasmes,HOUSE,HOUSE,110000.0,4.0,218.0,,False,,,,True,82.0,300,2,,TO_BE_DONE_UP
167,https://www.immoweb.be/en/classified/house/for-sale/mechelen/2800/10836231,Flanders,Antwerp,Mechelen,HOUSE,HOUSE,749000.0,5.0,303.0,HYPER_EQUIPPED,False,,True,20.0,True,120.0,215,2,False,AS_NEW
168,https://www.immoweb.be/en/classified/house/for-sale/chapelle-lez-herlaimont/7160/10836230,Wallonie,Hainaut,Chapelle-lez-Herlaimont,HOUSE,HOUSE,180000.0,3.0,154.0,NOT_INSTALLED,False,,True,,,,14450,3,,TO_BE_DONE_UP
169,https://www.immoweb.be/en/classified/apartment/for-sale/deurne/2100/10836228,Flanders,Antwerp,Deurne,APARTMENT,APARTMENT,269000.0,3.0,85.0,USA_HYPER_EQUIPPED,False,,True,6.0,,,,2,False,AS_NEW
170,https://www.immoweb.be/en/classified/house/for-sale/wilrijk/2610/10836227,Flanders,Antwerp,Wilrijk,HOUSE,HOUSE,515000.0,3.0,138.0,HYPER_EQUIPPED,,,True,25.0,True,75.0,143,2,False,AS_NEW
171,https://www.immoweb.be/en/classified/apartment/for-sale/auderghem/1160/10836225,Brussels,Brussels,Auderghem,APARTMENT,APARTMENT,480000.0,2.0,91.0,USA_HYPER_EQUIPPED,False,,True,14.0,,,,3,False,
172,https://www.immoweb.be/en/classified/new-real-estate-project-apartments/for-sale/auderghem/1160/10836215,Brussels,Brussels,Auderghem,APARTMENT_GROUP,APARTMENT_GROUP,,,,0,,,,,,,UNKNOWN,UNKNOWN,,UNKNOWN
173,https://www.immoweb.be/en/classified/ground-floor/for-sale/uccle/1180/10836214,Brussels,Brussels,Uccle,APARTMENT,GROUND_FLOOR,470000.0,2.0,95.0,USA_HYPER_EQUIPPED,False,,True,14.0,True,44.0,,,False,AS_NEW
174,https://www.immoweb.be/en/classified/new-real-estate-project-apartments/for-sale/uccle/1180/10836164,Brussels,Brussels,Uccle,APARTMENT_GROUP,APARTMENT_GROUP,,,,0,,,,,,,UNKNOWN,UNKNOWN,,UNKNOWN
175,https://www.immoweb.be/en/classified/house/for-sale/crisnee/4367/10836160,Wallonie,Liège,Crisnee,HOUSE,HOUSE,322000.0,3.0,126.0,USA_HYPER_EQUIPPED,False,,True,25.0,True,93.0,0,3,,AS_NEW
176,https://www.immoweb.be/en/classified/house/for-sale/crisnee/4367/10836159,Wallonie,Liège,Crisnee,HOUSE,HOUSE,349000.0,3.0,130.0,USA_HYPER_EQUIPPED,False,,True,26.0,True,108.0,0,3,,AS_NEW
177,https://www.immoweb.be/en/classified/penthouse/for-sale/liege/4000/10836158,Wallonie,Liège,Liege,APARTMENT,PENTHOUSE,299000.0,3.0,111.0,HYPER_EQUIPPED,False,,True,4.0,,,UNKNOWN,4,False,AS_NEW
178,https://www.immoweb.be/en/classified/house/for-sale/braine-l%27alleud/1420/10836157,Wallonie,Walloon Brabant,Braine-l'Alleud,HOUSE,HOUSE,620000.0,5.0,320.0,HYPER_EQUIPPED,False,,,,True,800.0,1030,4,False,GOOD
179,https://www.immoweb.be/en/classified/apartment/for-sale/ixelles/1050/10836156,Brussels,Brussels,Ixelles,APARTMENT,APARTMENT,595000.0,3.0,120.0,USA_HYPER_EQUIPPED,False,,True,13.0,,,UNKNOWN,2,False,AS_NEW
180,https://www.immoweb.be/en/classified/house/for-sale/hotton/6990/10810459,Wallonie,Luxembourg,Hotton,HOUSE,HOUSE,248000.0,6.0,290.0,INSTALLED,False,,True,30.0,True,1230.0,1230,3,False,GOOD
181,https://www.immoweb.be/en/classified/house/for-sale/linter%20wommersom/3350/10812017,Flanders,Flemish Brabant,Linter Wommersom,HOUSE,HOUSE,329000.0,3.0,151.0,INSTALLED,False,,True,30.0,True,3200.0,3537,4,False,TO_BE_DONE_UP
182,https://www.immoweb.be/en/classified/house/for-sale/ethe/6760/10620375,Wallonie,Luxembourg,ETHE,HOUSE,HOUSE,120000.0,4.0,140.0,SEMI_EQUIPPED,,-1.0,,,True,,186,3,,TO_RENOVATE
183,https://www.immoweb.be/en/classified/house/for-sale/sint-gillis-bij-dendermonde/9200/10822845,Flanders,East Flanders,SINT-GILLIS-BIJ-DENDERMONDE,HOUSE,HOUSE,199000.0,3.0,118.0,SEMI_EQUIPPED,,-1.0,,,True,57.0,127,2,,TO_RENOVATE
184,https://www.immoweb.be/en/classified/house/for-sale/schaerbeek/1030/10822353,Brussels,Brussels,Schaerbeek,HOUSE,HOUSE,399000.0,6.0,230.0,NOT_INSTALLED,False,,True,10.0,True,30.0,105,2,False,TO_RENOVATE
185,https://www.immoweb.be/en/classified/villa/for-sale/varsenare/8490/10822720,Flanders,West Flanders,VARSENARE,HOUSE,VILLA,665000.0,3.0,268.0,SEMI_EQUIPPED,,-1.0,True,40.0,,,692,4,,GOOD
186,https://www.immoweb.be/en/classified/villa/for-sale/uccle/1180/10822291,Brussels,Brussels,Uccle,HOUSE,VILLA,1590000.0,5.0,608.0,INSTALLED,False,1.0,True,,True,,2661,4,False,TO_RENOVATE
187,https://www.immoweb.be/en/classified/town-house/for-sale/wezembeek-oppem/1970/10828446,Flanders,Flemish Brabant,Wezembeek-Oppem,HOUSE,TOWN_HOUSE,595000.0,3.0,140.0,HYPER_EQUIPPED,False,,True,30.0,True,110.0,251,2,False,GOOD
188,https://www.immoweb.be/en/classified/villa/for-sale/waterloo/1410/10829244,Wallonie,Walloon Brabant,Waterloo,HOUSE,VILLA,645000.0,4.0,150.0,HYPER_EQUIPPED,False,,True,,True,,1454,4,,GOOD
189,https://www.immoweb.be/en/classified/exceptional-property/for-sale/woluwe-saint-pierre/1150/10828504,Brussels,Brussels,Woluwe-Saint-Pierre,HOUSE,EXCEPTIONAL_PROPERTY,2395000.0,6.0,450.0,HYPER_EQUIPPED,,,True,50.0,True,1400.0,1600,4,False,AS_NEW
190,https://www.immoweb.be/en/classified/house/for-sale/neupr%C3%A9/4120/10834620,Wallonie,Liège,Neupré,HOUSE,HOUSE,295000.0,3.0,125.0,SEMI_EQUIPPED,,-1.0,True,,True,,620,4,,TO_BE_DONE_UP
191,https://www.immoweb.be/en/classified/house/for-sale/braine-l%27alleud/1420/10834218,Wallonie,Walloon Brabant,Braine-l'Alleud,HOUSE,HOUSE,1295000.0,5.0,400.0,HYPER_EQUIPPED,False,1.0,True,100.0,True,,3300,4,True,GOOD
192,https://www.immoweb.be/en/classified/new-real-estate-project-houses/for-sale/torhout/8820/10810186,Flanders,West Flanders,Torhout,HOUSE_GROUP,HOUSE_GROUP,,,,0,,,,,,,UNKNOWN,UNKNOWN,,UNKNOWN
193,https://www.immoweb.be/en/classified/villa/for-sale/grimbergen/1853/10809991,Flanders,Flemish Brabant,Grimbergen,HOUSE,VILLA,748000.0,5.0,398.0,USA_INSTALLED,,1.0,True,45.0,True,550.0,693,4,False,GOOD
194,https://www.immoweb.be/en/classified/house/for-sale/trooz/4870/10817871,Wallonie,Liège,Trooz,HOUSE,HOUSE,239000.0,3.0,150.0,SEMI_EQUIPPED,False,,True,25.0,True,150.0,321,3,False,GOOD
195,https://www.immoweb.be/en/classified/house/for-sale/paliseul/6852/10819796,Wallonie,Luxembourg,Paliseul,HOUSE,HOUSE,285000.0,3.0,114.0,INSTALLED,,-1.0,True,,True,,638,4,,AS_NEW
196,https://www.immoweb.be/en/classified/house/for-sale/puurs/2870/10818772,Flanders,Antwerp,Puurs,HOUSE,HOUSE,475000.0,4.0,320.0,0,,,True,60.0,True,200.0,470,3,False,GOOD
197,https://www.immoweb.be/en/classified/exceptional-property/for-sale/berchem/2600/10817991,Flanders,Antwerp,Berchem,HOUSE,EXCEPTIONAL_PROPERTY,1995000.0,2.0,382.0,USA_HYPER_EQUIPPED,,,,,True,160.0,450,3,,GOOD
198,https://www.immoweb.be/en/classified/house/for-sale/ninove/9400/10823767,Flanders,East Flanders,Ninove,HOUSE,HOUSE,395000.0,3.0,190.0,INSTALLED,False,,True,,True,760.0,1405,4,False,GOOD
199,https://www.immoweb.be/en/classified/house/for-sale/uccle/1180/10824022,Brussels,Brussels,Uccle,HOUSE,HOUSE,730000.0,4.0,260.0,USA_HYPER_EQUIPPED,False,,True,12.0,,,125,2,False,GOOD
200,https://www.immoweb.be/en/classified/apartment-block/for-sale/saint-josse-ten-noode/1210/10824028,Brussels,Brussels,Saint-Josse-ten-Noode,HOUSE,APARTMENT_BLOCK,950000.0,7.0,500.0,SEMI_EQUIPPED,False,,True,3.0,True,6.0,266,3,False,TO_RENOVATE
201,https://www.immoweb.be/en/classified/house/for-sale/waterloo/1410/10826707,Wallonie,Walloon Brabant,Waterloo,HOUSE,HOUSE,715000.0,4.0,200.0,HYPER_EQUIPPED,False,1.0,True,,True,,1488,3,,AS_NEW
202,https://www.immoweb.be/en/classified/villa/for-sale/hulste/8531/10826215,Flanders,West Flanders,HULSTE,HOUSE,VILLA,895000.0,5.0,450.0,HYPER_EQUIPPED,,-1.0,True,,,,1336,4,,AS_NEW
203,https://www.immoweb.be/en/classified/house/for-sale/seraing/4102/10831612,Wallonie,Liège,Seraing,HOUSE,HOUSE,154000.0,4.0,116.0,USA_INSTALLED,False,,True,18.0,True,125.0,225,2,False,GOOD
204,https://www.immoweb.be/en/classified/house/for-sale/denderleeuw/9473/10832557,Flanders,East Flanders,Denderleeuw,HOUSE,HOUSE,265000.0,3.0,155.0,,,,True,50.0,True,700.0,810,2,False,TO_RENOVATE
205,https://www.immoweb.be/en/classified/house/for-sale/boom/2850/10831507,Flanders,Antwerp,Boom,HOUSE,HOUSE,299900.0,2.0,206.0,INSTALLED,False,,True,10.0,,,60,2,False,GOOD
206,https://www.immoweb.be/en/classified/house/for-sale/kraainem/1950/10831392,Flanders,Flemish Brabant,Kraainem,HOUSE,HOUSE,399500.0,3.0,167.0,NOT_INSTALLED,False,,True,14.0,True,310.0,418,3,False,TO_RENOVATE
207,https://www.immoweb.be/en/classified/exceptional-property/for-sale/bonheiden/2820/10832801,Flanders,Antwerp,Bonheiden,HOUSE,EXCEPTIONAL_PROPERTY,965000.0,6.0,493.0,INSTALLED,,1.0,True,112.0,True,,7611,4,,JUST_RENOVATED
208,https://www.immoweb.be/en/classified/mansion/for-sale/uccle/1180/10832507,Brussels,Brussels,Uccle,HOUSE,MANSION,1550000.0,4.0,370.0,INSTALLED,False,,True,,True,,215,2,,AS_NEW
209,https://www.immoweb.be/en/classified/house/for-sale/ronse/9600/10808506,Flanders,East Flanders,Ronse,HOUSE,HOUSE,275000.0,3.0,162.0,HYPER_EQUIPPED,False,,True,18.0,True,115.0,220,2,False,JUST_RENOVATED
210,https://www.immoweb.be/en/classified/apartment/for-sale/mons/7000/10836109,Wallonie,Hainaut,Mons,APARTMENT,APARTMENT,149000.0,2.0,110.0,INSTALLED,False,,True,34.0,,,UNKNOWN,2,False,GOOD
211,https://www.immoweb.be/en/classified/house/for-sale/haine-saint-paul/7100/10836108,Wallonie,Hainaut,HAINE-SAINT-PAUL,HOUSE,HOUSE,89999.0,2.0,55.0,INSTALLED,False,,True,,True,100.0,104,4,False,GOOD
212,https://www.immoweb.be/en/classified/house/for-sale/geraardsbergen/9500/10836106,Flanders,East Flanders,Geraardsbergen,HOUSE,HOUSE,325000.0,4.0,200.0,HYPER_EQUIPPED,False,,True,,,,517,3,False,GOOD
213,https://www.immoweb.be/en/classified/house/for-sale/sint-niklaas/9100/10836105,Flanders,East Flanders,Sint-Niklaas,HOUSE,HOUSE,649000.0,4.0,241.0,USA_HYPER_EQUIPPED,False,,True,85.0,True,715.0,1192,2,False,AS_NEW
214,https://www.immoweb.be/en/classified/house/for-sale/dendermonde/9200/10836104,Flanders,East Flanders,Dendermonde,HOUSE,HOUSE,220000.0,4.0,153.0,USA_INSTALLED,False,,True,20.0,True,20.0,87,2,False,GOOD
215,https://www.immoweb.be/en/classified/apartment/for-sale/mechelen%20walem/2800/10836103,Flanders,Antwerp,Mechelen Walem,APARTMENT,APARTMENT,269000.0,3.0,122.0,,False,,True,7.0,,,,,,GOOD
216,https://www.immoweb.be/en/classified/town-house/for-sale/lier/2500/10836102,Flanders,Antwerp,Lier,HOUSE,TOWN_HOUSE,535000.0,3.0,200.0,HYPER_EQUIPPED,False,,True,22.0,True,105.0,210,2,,AS_NEW
217,https://www.immoweb.be/en/classified/villa/for-sale/halle%20lembeek/1502/10836101,Flanders,Flemish Brabant,Halle Lembeek,HOUSE,VILLA,575000.0,4.0,240.0,0,False,,True,,,,1348,4,,
218,https://www.immoweb.be/en/classified/apartment/for-sale/halle/1500/10836100,Flanders,Flemish Brabant,Halle,APARTMENT,APARTMENT,313500.0,2.0,112.0,0,False,,True,5.0,,,UNKNOWN,UNKNOWN,,UNKNOWN
219,https://www.immoweb.be/en/classified/duplex/for-sale/halle/1500/10836099,Flanders,Flemish Brabant,Halle,APARTMENT,DUPLEX,324500.0,2.0,111.0,0,False,,True,4.0,,,UNKNOWN,,,
220,https://www.immoweb.be/en/classified/duplex/for-sale/halle/1500/10836098,Flanders,Flemish Brabant,Halle,APARTMENT,DUPLEX,399000.0,3.0,140.0,0,False,,True,11.0,,,UNKNOWN,,,
221,https://www.immoweb.be/en/classified/apartment/for-sale/halle/1500/10836097,Flanders,Flemish Brabant,Halle,APARTMENT,APARTMENT,383000.0,3.0,134.0,0,False,,True,20.0,,,UNKNOWN,,,
222,https://www.immoweb.be/en/classified/apartment/for-sale/halle/1500/10836096,Flanders,Flemish Brabant,Halle,APARTMENT,APARTMENT,376000.0,2.0,127.0,0,False,,True,32.0,,,UNKNOWN,,,
223,https://www.immoweb.be/en/classified/apartment/for-sale/halle/1500/10836095,Flanders,Flemish Brabant,Halle,APARTMENT,APARTMENT,324000.0,2.0,118.0,USA_INSTALLED,False,,True,5.0,,,,,False,
224,https://www.immoweb.be/en/classified/apartment/for-sale/halle/1500/10836094,Flanders,Flemish Brabant,Halle,APARTMENT,APARTMENT,341000.0,2.0,127.0,USA_INSTALLED,False,,True,9.0,,,UNKNOWN,,,
225,https://www.immoweb.be/en/classified/apartment/for-sale/halle/1500/10836093,Flanders,Flemish Brabant,Halle,APARTMENT,APARTMENT,285500.0,2.0,96.0,USA_HYPER_EQUIPPED,False,,True,4.0,,,UNKNOWN,,,
226,https://www.immoweb.be/en/classified/apartment/for-sale/halle/1500/10836092,Flanders,Flemish Brabant,Halle,APARTMENT,APARTMENT,264000.0,2.0,86.0,USA_HYPER_EQUIPPED,False,,True,4.0,,,UNKNOWN,,,
227,https://www.immoweb.be/en/classified/apartment/for-sale/halle/1500/10836091,Flanders,Flemish Brabant,Halle,APARTMENT,APARTMENT,326500.0,3.0,115.0,USA_HYPER_EQUIPPED,False,,True,5.0,,,,,False,
228,https://www.immoweb.be/en/classified/apartment/for-sale/halle/1500/10836090,Flanders,Flemish Brabant,Halle,APARTMENT,APARTMENT,321500.0,3.0,110.0,USA_HYPER_EQUIPPED,False,,True,5.0,,,UNKNOWN,,,
229,https://www.immoweb.be/en/classified/house/for-sale/halle/1500/10836089,Flanders,Flemish Brabant,Halle,HOUSE,HOUSE,320000.0,3.0,91.0,0,False,,True,,,,201,3,,TO_RENOVATE
230,https://www.immoweb.be/en/classified/exceptional-property/for-sale/dinant/5500/10836087,Wallonie,Namur,Dinant,HOUSE,EXCEPTIONAL_PROPERTY,399000.0,16.0,673.0,NOT_INSTALLED,False,,,,True,329.0,595,2,False,TO_RENOVATE
231,https://www.immoweb.be/en/classified/villa/for-sale/antwerpen%20ekeren/2180/10836086,Flanders,Antwerp,Antwerpen Ekeren,HOUSE,VILLA,895000.0,4.0,238.0,0,False,,True,,,,902,4,True,AS_NEW
232,https://www.immoweb.be/en/classified/house/for-sale/mechelen/2800/10836082,Flanders,Antwerp,Mechelen,HOUSE,HOUSE,355000.0,3.0,,USA_INSTALLED,,,,,,,0,3,,GOOD
233,https://www.immoweb.be/en/classified/mixed-use-building/for-sale/anderlecht/1070/10836081,Brussels,Brussels,Anderlecht,HOUSE,MIXED_USE_BUILDING,1650000.0,0.0,1750.0,NOT_INSTALLED,False,,,,,,330,2,False,GOOD
234,https://www.immoweb.be/en/classified/apartment/for-sale/bruxelles/1050/10836078,Brussels,Brussels,Bruxelles,APARTMENT,APARTMENT,1390000.0,3.0,144.0,HYPER_EQUIPPED,True,,True,20.0,,,,,False,AS_NEW
235,https://www.immoweb.be/en/classified/house/for-sale/ham-sur-heure-nalinnes%20nalinnes/6120/10836076,Wallonie,Hainaut,Ham-sur-Heure-Nalinnes Nalinnes,HOUSE,HOUSE,145000.0,3.0,,0,False,,True,,,,0,2,,TO_RENOVATE
236,https://www.immoweb.be/en/classified/villa/for-sale/ans%20xhendremael/4432/10808754,Wallonie,Liège,Ans Xhendremael,HOUSE,VILLA,545000.0,6.0,418.0,INSTALLED,False,,True,30.0,True,1000.0,2350,4,True,GOOD
237,https://www.immoweb.be/en/classified/flat-studio/for-sale/westende/8434/10836074,Flanders,West Flanders,Westende,APARTMENT,FLAT_STUDIO,105000.0,0.0,37.0,SEMI_EQUIPPED,True,,,,,,,2,False,GOOD
238,https://www.immoweb.be/en/classified/house/for-sale/hasselt/3500/10836072,Flanders,Limburg,Hasselt,HOUSE,HOUSE,385000.0,4.0,221.0,INSTALLED,False,,True,,,,600,3,,JUST_RENOVATED
239,https://www.immoweb.be/en/classified/house/for-sale/qui%C3%A9vrain/7380/10836071,Wallonie,Hainaut,Quiévrain,HOUSE,HOUSE,145000.0,2.0,,0,,,True,,,,0,2,,
240,https://www.immoweb.be/en/classified/house/for-sale/seraing/4100/10833667,Wallonie,Liège,Seraing,HOUSE,HOUSE,144000.0,2.0,105.0,SEMI_EQUIPPED,False,,True,,True,25.0,105,2,False,GOOD
241,https://www.immoweb.be/en/classified/house/for-sale/herstal/4040/10833916,Wallonie,Liège,Herstal,HOUSE,HOUSE,164000.0,4.0,167.0,INSTALLED,False,,True,80.0,,,90,3,False,TO_BE_DONE_UP
242,https://www.immoweb.be/en/classified/mixed-use-building/for-sale/aalst/9300/10833652,Flanders,East Flanders,Aalst,HOUSE,MIXED_USE_BUILDING,295000.0,3.0,249.0,INSTALLED,False,,True,21.0,,,180,2,False,GOOD
243,https://www.immoweb.be/en/classified/new-real-estate-project-houses/for-sale/geraardsbergen%20moerbeke/9500/10833701,Flanders,East Flanders,Geraardsbergen Moerbeke,HOUSE_GROUP,HOUSE_GROUP,,,,0,,,,,,,UNKNOWN,UNKNOWN,,UNKNOWN
244,https://www.immoweb.be/en/classified/new-real-estate-project-houses/for-sale/harelbeke/8530/10834022,Flanders,West Flanders,Harelbeke,HOUSE_GROUP,HOUSE_GROUP,,,,0,,,,,,,UNKNOWN,UNKNOWN,,UNKNOWN
245,https://www.immoweb.be/en/classified/new-real-estate-project-houses/for-sale/wuustwezel/2990/10833448,Flanders,Antwerp,Wuustwezel,HOUSE_GROUP,HOUSE_GROUP,,,,0,,,,,,,UNKNOWN,UNKNOWN,,UNKNOWN
246,https://www.immoweb.be/en/classified/town-house/for-sale/dilbeek/1700/10833480,Flanders,Flemish Brabant,Dilbeek,HOUSE,TOWN_HOUSE,590000.0,4.0,290.0,HYPER_EQUIPPED,,,True,,,,517,3,True,GOOD
247,https://www.immoweb.be/en/classified/house/for-sale/antwerp/2000/10831508,Flanders,Antwerp,Antwerp,HOUSE,HOUSE,439900.0,2.0,160.0,INSTALLED,False,,True,13.0,,,48,2,False,AS_NEW
248,https://www.immoweb.be/en/classified/house/for-sale/lede/9340/10831292,Flanders,East Flanders,Lede,HOUSE,HOUSE,449000.0,2.0,145.0,HYPER_EQUIPPED,,,True,,,,527,3,False,AS_NEW
249,https://www.immoweb.be/en/classified/house/for-sale/lievegem/9930/10831406,Flanders,East Flanders,Lievegem,HOUSE,HOUSE,495000.0,4.0,194.0,USA_HYPER_EQUIPPED,False,,True,66.0,True,630.0,975,3,False,GOOD
250,https://www.immoweb.be/en/classified/villa/for-sale/holsbeek%20kortrijk-dutsel/3220/10831251,Flanders,Flemish Brabant,Holsbeek Kortrijk-Dutsel,HOUSE,VILLA,579000.0,4.0,225.0,INSTALLED,,,True,18.0,,,1103,4,,GOOD
251,https://www.immoweb.be/en/classified/house/for-sale/etterbeek/1040/10832715,Brussels,Brussels,Etterbeek,HOUSE,HOUSE,1150000.0,6.0,300.0,HYPER_EQUIPPED,False,,True,40.0,True,150.0,260,2,False,AS_NEW
252,https://www.immoweb.be/en/classified/house/for-sale/aalst/9300/10828460,Flanders,East Flanders,Aalst,HOUSE,HOUSE,159000.0,2.0,81.0,USA_INSTALLED,False,,True,,True,70.0,120,2,False,TO_BE_DONE_UP
253,https://www.immoweb.be/en/classified/house/for-sale/mechelen/2800/10828802,Flanders,Antwerp,Mechelen,HOUSE,HOUSE,295000.0,2.0,172.0,INSTALLED,,,True,,,,189,2,False,GOOD
254,https://www.immoweb.be/en/classified/house/for-sale/wezembeek-oppem/1970/10828745,Flanders,Flemish Brabant,Wezembeek-Oppem,HOUSE,HOUSE,329000.0,3.0,80.0,INSTALLED,False,,True,28.0,True,60.0,170,3,False,TO_BE_DONE_UP
255,https://www.immoweb.be/en/classified/new-real-estate-project-houses/for-sale/laakdal/2430/10829868,Flanders,Antwerp,Laakdal,HOUSE_GROUP,HOUSE_GROUP,,,,0,,,,,,,UNKNOWN,UNKNOWN,,UNKNOWN
256,https://www.immoweb.be/en/classified/house/for-sale/uccle/1180/10829358,Brussels,Brussels,Uccle,HOUSE,HOUSE,695000.0,4.0,185.0,USA_INSTALLED,False,,True,,True,240.0,308,2,False,TO_RENOVATE
257,https://www.immoweb.be/en/classified/house/for-sale/ixelles/1050/10828236,Brussels,Brussels,Ixelles,HOUSE,HOUSE,830000.0,4.0,282.0,INSTALLED,False,,,,True,80.0,163,2,False,TO_BE_DONE_UP
258,https://www.immoweb.be/en/classified/house/for-sale/li%C3%A8ge/4031/10826704,Wallonie,Liège,Liège,HOUSE,HOUSE,249000.0,1.0,95.0,INSTALLED,,-1.0,,,True,93.0,149,2,,JUST_RENOVATED
259,https://www.immoweb.be/en/classified/house/for-sale/bertem/3060/10825503,Flanders,Flemish Brabant,Bertem,HOUSE,HOUSE,298000.0,4.0,112.0,SEMI_EQUIPPED,False,,True,24.0,True,272.0,450,4,False,TO_BE_DONE_UP
260,https://www.immoweb.be/en/classified/new-real-estate-project-houses/for-sale/roms%C3%A9e/4624/10825893,Wallonie,Liège,Romsée,HOUSE_GROUP,HOUSE_GROUP,,,,0,,,,,,,UNKNOWN,UNKNOWN,,UNKNOWN
261,https://www.immoweb.be/en/classified/house/for-sale/wezembeek-oppem/1970/10827696,Flanders,Flemish Brabant,Wezembeek-Oppem,HOUSE,HOUSE,329000.0,3.0,80.0,INSTALLED,False,,True,14.0,True,60.0,170,3,False,TO_BE_DONE_UP
262,https://www.immoweb.be/en/classified/new-real-estate-project-houses/for-sale/geraardsbergen/9500/10825603,Flanders,East Flanders,Geraardsbergen,HOUSE_GROUP,HOUSE_GROUP,,,,0,,,,,,,UNKNOWN,UNKNOWN,,UNKNOWN
263,https://www.immoweb.be/en/classified/house/for-sale/roosdaal/1760/10825693,Flanders,Flemish Brabant,Roosdaal,HOUSE,HOUSE,360000.0,3.0,301.0,SEMI_EQUIPPED,,,True,,,,545,3,False,GOOD
264,https://www.immoweb.be/en/classified/new-real-estate-project-houses/for-sale/erpe-mere/9420/10827497,Flanders,East Flanders,ERPE-MERE,HOUSE_GROUP,HOUSE_GROUP,,,,0,,,,,,,UNKNOWN,UNKNOWN,,UNKNOWN
265,https://www.immoweb.be/en/classified/new-real-estate-project-houses/for-sale/wetteren/9230/10824904,Flanders,East Flanders,Wetteren,HOUSE_GROUP,HOUSE_GROUP,,,,0,,,,,,,UNKNOWN,UNKNOWN,,UNKNOWN
266,https://www.immoweb.be/en/classified/new-real-estate-project-houses/for-sale/kontich/2550/10825327,Flanders,Antwerp,Kontich,HOUSE_GROUP,HOUSE_GROUP,,,,0,,,,,,,UNKNOWN,UNKNOWN,,UNKNOWN
267,https://www.immoweb.be/en/classified/mixed-use-building/for-sale/seraing/4100/10833665,Wallonie,Liège,Seraing,HOUSE,MIXED_USE_BUILDING,299000.0,0.0,219.0,,,,True,,,,198,2,False,GOOD
268,https://www.immoweb.be/en/classified/house/for-sale/schaerbeek/1030/10833500,Brussels,Brussels,Schaerbeek,HOUSE,HOUSE,360000.0,4.0,135.0,INSTALLED,False,,,,,,45,3,False,GOOD
269,https://www.immoweb.be/en/classified/house/for-sale/nivelles/1400/10834601,Wallonie,Walloon Brabant,Nivelles,HOUSE,HOUSE,420000.0,4.0,135.0,HYPER_EQUIPPED,False,1.0,True,30.0,True,90.0,239,3,,AS_NEW
270,https://www.immoweb.be/en/classified/apartment-block/for-sale/wavre/1300/10643366,Wallonie,Walloon Brabant,Wavre,HOUSE,APARTMENT_BLOCK,480000.0,3.0,265.0,0,,-1.0,True,,True,,190,2,,GOOD
271,https://www.immoweb.be/en/classified/house/for-sale/li%C3%A8ge/4000/10836363,Wallonie,Liège,Liège,HOUSE,HOUSE,410000.0,4.0,216.0,,False,,,,,,86,2,False,JUST_RENOVATED
272,https://www.immoweb.be/en/classified/apartment/for-sale/mol/2400/10836360,Flanders,Antwerp,Mol,APARTMENT,APARTMENT,325000.0,2.0,,0,,,True,15.0,,,UNKNOWN,,,GOOD
273,https://www.immoweb.be/en/classified/duplex/for-sale/molenbeek-saint-jean/1080/10836359,Brussels,Brussels,Molenbeek-Saint-Jean,APARTMENT,DUPLEX,395000.0,4.0,124.0,NOT_INSTALLED,False,,True,9.0,,,UNKNOWN,2,False,AS_NEW
274,https://www.immoweb.be/en/classified/villa/for-sale/wenduine/8420/10836357,Flanders,West Flanders,Wenduine,HOUSE,VILLA,395000.0,5.0,180.0,INSTALLED,False,1.0,True,,True,,794,4,,TO_RENOVATE
275,https://www.immoweb.be/en/classified/service-flat/for-sale/herzele/9550/10669764,Flanders,East Flanders,Herzele,APARTMENT,SERVICE_FLAT,195000.0,2.0,67.0,HYPER_EQUIPPED,,,True,,,,UNKNOWN,2,,AS_NEW
276,https://www.immoweb.be/en/classified/house/for-sale/jodoigne/1370/10836356,Wallonie,Walloon Brabant,Jodoigne,HOUSE,HOUSE,373105.0,3.0,150.0,0,,,,,True,,941,4,,
277,https://www.immoweb.be/en/classified/house/for-sale/izegem/8870/10836353,Flanders,West Flanders,Izegem,HOUSE,HOUSE,670778.0,3.0,206.0,0,,,,,,,1147,4,,
278,https://www.immoweb.be/en/classified/house/for-sale/izegem/8870/10836352,Flanders,West Flanders,Izegem,HOUSE,HOUSE,872640.0,5.0,335.0,0,,,,,,,1947,4,,
279,https://www.immoweb.be/en/classified/house/for-sale/avelgem/8580/10836351,Flanders,West Flanders,Avelgem,HOUSE,HOUSE,490009.0,4.0,192.0,0,,,,,,,594,3,,
280,https://www.immoweb.be/en/classified/house/for-sale/bekkevoort%20%28molenbeek-wersbeek%29/3461/10836348,Flanders,Flemish Brabant,Bekkevoort (Molenbeek-Wersbeek),HOUSE,HOUSE,499000.0,4.0,215.0,,False,,True,14.0,True,8.0,1708,3,False,GOOD
281,https://www.immoweb.be/en/classified/flat-studio/for-sale/uccle/1180/10836341,Brussels,Brussels,Uccle,APARTMENT,FLAT_STUDIO,155000.0,1.0,40.0,0,False,,,,,,UNKNOWN,2,,AS_NEW
282,https://www.immoweb.be/en/classified/house/for-sale/roeselare/8800/10836338,Flanders,West Flanders,Roeselare,HOUSE,HOUSE,174000.0,3.0,143.0,INSTALLED,False,1.0,True,25.0,True,100.0,195,2,,TO_BE_DONE_UP
283,https://www.immoweb.be/en/classified/house/for-sale/treignes/5670/10836337,Wallonie,Namur,Treignes,HOUSE,HOUSE,218000.0,6.0,150.0,HYPER_EQUIPPED,False,1.0,True,23.0,True,205.0,517,3,,
284,https://www.immoweb.be/en/classified/apartment/for-sale/kontich/2550/10836332,Flanders,Antwerp,Kontich,APARTMENT,APARTMENT,229500.0,2.0,99.0,HYPER_EQUIPPED,,,,,,,UNKNOWN,,,AS_NEW
285,https://www.immoweb.be/en/classified/ground-floor/for-sale/molenbeek-saint-jean/1080/10836327,Brussels,Brussels,Molenbeek-Saint-Jean,APARTMENT,GROUND_FLOOR,345000.0,3.0,120.0,0,False,,True,,,,UNKNOWN,,,AS_NEW
286,https://www.immoweb.be/en/classified/apartment/for-sale/schaerbeek/1030/10836326,Brussels,Brussels,Schaerbeek,APARTMENT,APARTMENT,234000.0,2.0,100.0,0,True,,True,,,,UNKNOWN,2,,TO_BE_DONE_UP
287,https://www.immoweb.be/en/classified/apartment/for-sale/roeselare/8800/10836323,Flanders,West Flanders,Roeselare,APARTMENT,APARTMENT,158000.0,1.0,80.0,HYPER_EQUIPPED,False,,True,8.0,True,,,2,,AS_NEW
288,https://www.immoweb.be/en/classified/apartment/for-sale/forest/1190/10836317,Brussels,Brussels,Forest,APARTMENT,APARTMENT,398500.0,2.0,91.0,INSTALLED,False,,True,12.0,,,UNKNOWN,2,False,JUST_RENOVATED
289,https://www.immoweb.be/en/classified/house/for-sale/brecht/2960/10836315,Flanders,Antwerp,Brecht,HOUSE,HOUSE,599000.0,3.0,237.0,0,,,True,,,,1125,,True,GOOD
290,https://www.immoweb.be/en/classified/house/for-sale/jemelle/5580/10836309,Wallonie,Namur,Jemelle,HOUSE,HOUSE,65000.0,5.0,134.0,,False,,,,,,88,3,,TO_RENOVATE
291,https://www.immoweb.be/en/classified/house/for-sale/sint-niklaas/9100/10836308,Flanders,East Flanders,Sint-Niklaas,HOUSE,HOUSE,845000.0,4.0,254.0,INSTALLED,,,True,,,,3421,4,,GOOD
292,https://www.immoweb.be/en/classified/house/for-sale/bornem/2880/10836307,Flanders,Antwerp,Bornem,HOUSE,HOUSE,289000.0,3.0,145.0,,False,,,,,,220,2,False,TO_BE_DONE_UP
293,https://www.immoweb.be/en/classified/apartment/for-sale/forest/1190/10836306,Brussels,Brussels,Forest,APARTMENT,APARTMENT,284000.0,2.0,113.0,,False,,True,17.0,,,,,,
294,https://www.immoweb.be/en/classified/apartment/for-sale/brussels%20city/1000/10708234,Brussels,Brussels,Brussels City,APARTMENT,APARTMENT,389000.0,2.0,100.0,USA_HYPER_EQUIPPED,False,,True,7.0,,,UNKNOWN,,,AS_NEW
295,https://www.immoweb.be/en/classified/apartment/for-sale/knokke-heist/8300/10836305,Flanders,West Flanders,Knokke-Heist,APARTMENT,APARTMENT,845000.0,3.0,86.0,USA_HYPER_EQUIPPED,False,,True,4.0,,,,2,False,JUST_RENOVATED
296,https://www.immoweb.be/en/classified/apartment/for-sale/knokke-heist/8300/10836304,Flanders,West Flanders,Knokke-Heist,APARTMENT,APARTMENT,845000.0,3.0,82.0,USA_HYPER_EQUIPPED,False,,True,4.0,,,,2,False,JUST_RENOVATED
297,https://www.immoweb.be/en/classified/apartment/for-sale/virton/6760/10836302,Wallonie,Luxembourg,Virton,APARTMENT,APARTMENT,285000.0,2.0,86.0,NOT_INSTALLED,,,True,6.0,,,UNKNOWN,,False,AS_NEW
298,https://www.immoweb.be/en/classified/apartment/for-sale/libin/6890/10836300,Wallonie,Luxembourg,Libin,APARTMENT,APARTMENT,289000.0,3.0,91.0,HYPER_EQUIPPED,False,,True,10.0,True,40.0,UNKNOWN,3,False,GOOD
299,https://www.immoweb.be/en/classified/apartment/for-sale/libin/6890/10836299,Wallonie,Luxembourg,Libin,APARTMENT,APARTMENT,244900.0,2.0,82.0,0,False,,True,6.0,,,UNKNOWN,,False,
